{"actions":[{"bringProcessToForeground":false,"color":"#000000","id":"a08086b5-28a7-46d0-8c88-9d8b57bd6f8c","isEnabled":true,"isVisible":true,"mediaItem":{"fileName":"","positionLeft":"center","positionTop":"center","repeat":"no-repeat","size":"cover"},"mouseSequences":[],"name":"AttackConf","opacity":1,"overrideProcess":false,"processName":"conhost","scriptSequences":[],"sequences":[{"entry":{"key":"Down","value":40},"keepdown":200,"modifiers":[],"winmodifiers":[]},{"entry":{"key":"Right","value":39},"keepdown":200,"modifiers":[],"winmodifiers":[]}],"textColor":"#FFFFFF"},{"bringProcessToForeground":false,"color":"#000000","id":"267e343d-155f-4086-89b1-37e102b174b9","isEnabled":true,"isVisible":true,"mediaItem":{"fileName":"","positionLeft":"center","positionTop":"center","repeat":"no-repeat","size":"cover"},"mouseSequences":[],"name":"Speed","opacity":1,"overrideProcess":false,"processName":"","scriptSequences":[],"sequences":[{"entry":{"key":"Down","value":40},"keepdown":200,"modifiers":[],"winmodifiers":[]},{"entry":{"key":"Left","value":37},"keepdown":200,"modifiers":[],"winmodifiers":[]},{"entry":{"key":"Left","value":37},"keepdown":200,"modifiers":[],"winmodifiers":[]},{"entry":{"key":"Up","value":38},"keepdown":200,"modifiers":[],"winmodifiers":[]},{"entry":{"key":"Up","value":38},"keepdown":200,"modifiers":[],"winmodifiers":[]},{"entry":{"key":"Up","value":38},"keepdown":200,"modifiers":[],"winmodifiers":[]}],"textColor":"#FFFFFF"},{"bringProcessToForeground":false,"color":"#000000","id":"aba30d0d-78cc-4888-9031-c264fa547d2a","isEnabled":true,"isVisible":true,"mediaItem":{"fileName":"","positionLeft":"center","positionTop":"center","repeat":"no-repeat","size":"cover"},"mouseSequences":[],"name":"Defend","opacity":1,"overrideProcess":false,"processName":"","scriptSequences":[],"sequences":[{"entry":{"key":"Down","value":40},"keepdown":200,"modifiers":[],"winmodifiers":[]},{"entry":{"key":"Up","value":38},"keepdown":200,"modifiers":[],"winmodifiers":[]},{"entry":{"key":"Left","value":37},"keepdown":200,"modifiers":[],"winmodifiers":[]},{"entry":{"key":"Left","value":37},"keepdown":200,"modifiers":[],"winmodifiers":[]},{"entry":{"key":"Left","value":37},"keepdown":200,"modifiers":[],"winmodifiers":[]}],"textColor":"#FFFFFF"},{"bringProcessToForeground":false,"color":"#000000","id":"65e88529-bfb7-4668-8a48-09fc0e5384e2","isEnabled":true,"isVisible":true,"mediaItem":{"fileName":"","positionLeft":"center","positionTop":"center","repeat":"no-repeat","size":"cover"},"mouseSequences":[],"name":"Silent","opacity":1,"overrideProcess":false,"processName":"","scriptSequences":[],"sequences":[{"entry":{"key":"Delete","value":46},"keepdown":200,"modifiers":[],"winmodifiers":[]}],"textColor":"#FFFFFF"},{"bringProcessToForeground":false,"color":"#000000","id":"3f672e89-1dfe-4de2-b79a-74d6ee19dbbb","isEnabled":true,"isVisible":true,"mediaItem":{"fileName":"","positionLeft":"center","positionTop":"center","repeat":"no-repeat","size":"cover"},"mouseSequences":[],"name":"Heat Sink","opacity":1,"overrideProcess":false,"processName":"","scriptSequences":[],"sequences":[{"entry":{"key":"H","value":72},"keepdown":200,"modifiers":[{"key":"LControlKey","value":162}],"winmodifiers":[]}],"textColor":"#FFFFFF"},{"bringProcessToForeground":false,"color":"#000000","id":"e6ff1ad0-58fd-4ed2-97b7-c4d4e6cffeca","isEnabled":true,"isVisible":true,"mediaItem":{"fileName":"","positionLeft":"center","positionTop":"center","repeat":"no-repeat","size":"cover"},"mouseSequences":[],"name":"SinkSilent","opacity":1,"overrideProcess":false,"processName":"","scriptSequences":[],"sequences":[{"entry":{"key":"Delete","value":46},"keepdown":500,"modifiers":[],"winmodifiers":[]},{"entry":{"key":"H","value":72},"keepdown":200,"modifiers":[{"key":"LControlKey","value":162}],"winmodifiers":[]}],"textColor":"#FFFFFF"},{"bringProcessToForeground":false,"color":"#000000","id":"0a29349a-7ea6-4eee-9343-6b686aef080e","isEnabled":true,"isVisible":true,"mediaItem":{"fileName":"","positionLeft":"center","positionTop":"center","repeat":"no-repeat","size":"cover"},"mouseSequences":[],"name":"Landing","opacity":1,"overrideProcess":false,"processName":"","scriptSequences":[],"sequences":[{"entry":{"key":"Insert","value":45},"keepdown":200,"modifiers":[],"winmodifiers":[]}],"textColor":"#FFFFFF"},{"bringProcessToForeground":false,"color":"#000000","id":"5ce22fea-3b21-496b-b7f2-f198553db54a","isEnabled":true,"isVisible":true,"mediaItem":{"fileName":"","positionLeft":"center","positionTop":"center","repeat":"no-repeat","size":"cover"},"mouseSequences":[],"name":"Super","opacity":1,"overrideProcess":false,"processName":"","scriptSequences":[],"sequences":[{"entry":{"key":"K","value":75},"keepdown":250,"modifiers":[{"key":"RControlKey","value":163}],"winmodifiers":[]}],"textColor":"#FFFFFF"},{"bringProcessToForeground":false,"color":"#000000","id":"a9911fdd-a875-49da-8a30-072659ff215a","isEnabled":true,"isVisible":true,"mediaItem":{"fileName":"","positionLeft":"center","positionTop":"center","repeat":"no-repeat","size":"cover"},"mouseSequences":[],"name":"Hyper","opacity":1,"overrideProcess":false,"processName":"","scriptSequences":[],"sequences":[{"entry":{"key":"K","value":75},"keepdown":250,"modifiers":[{"key":"LControlKey","value":162}],"winmodifiers":[]}],"textColor":"#FFFFFF"},{"bringProcessToForeground":false,"color":"#000000","id":"e9982282-d069-48d1-b58a-92c42a7bd995","isEnabled":true,"isVisible":true,"mediaItem":{"fileName":"","positionLeft":"center","positionTop":"center","repeat":"no-repeat","size":"cover"},"mouseSequences":[],"name":"Dock","opacity":1,"overrideProcess":false,"processName":"","scriptSequences":[],"sequences":[{"entry":{"key":"D1","value":49},"keepdown":1500,"modifiers":[],"winmodifiers":[]},{"entry":{"key":"E","value":69},"keepdown":500,"modifiers":[],"winmodifiers":[]},{"entry":{"key":"E","value":69},"keepdown":500,"modifiers":[],"winmodifiers":[]},{"entry":{"key":"Space","value":32},"keepdown":450,"modifiers":[],"winmodifiers":[]},{"entry":{"key":"S","value":83},"keepdown":250,"modifiers":[],"winmodifiers":[]},{"entry":{"key":"Space","value":32},"keepdown":450,"modifiers":[],"winmodifiers":[]},{"entry":{"key":"Q","value":81},"keepdown":450,"modifiers":[],"winmodifiers":[]},{"entry":{"key":"Q","value":81},"keepdown":450,"modifiers":[],"winmodifiers":[]},{"entry":{"key":"Escape","value":27},"keepdown":300,"modifiers":[],"winmodifiers":[]}],"textColor":"#FFFFFF"},{"bringProcessToForeground":false,"color":"#000000","id":"625d438d-c8a1-478b-aae4-395ed74f0378","isEnabled":false,"isVisible":true,"mediaItem":{"fileName":"","positionLeft":"center","positionTop":"center","repeat":"no-repeat","size":"cover"},"mouseSequences":[],"name":"","opacity":1,"overrideProcess":false,"processName":"","scriptSequences":[],"sequences":[],"textColor":"#FFFFFF"}],"fileName":"EliteAction.json","gridSettings":{"cellBorder":{"color":{"alpha":1,"blue":238,"green":203,"red":81},"size":1,"style":"solid"},"cellShadow":{"blur":5,"color":{"alpha":1,"blue":238,"green":203,"red":81},"horizontal":0,"inset":false,"spread":5,"vertical":0},"cellSpacing":10,"color":{"alpha":1,"blue":70,"green":70,"red":70},"columns":5,"hideOverflowText":false,"mediaItem":{"fileName":"","positionLeft":"center","positionTop":"center","repeat":"no-repeat","size":"cover"},"mode":"any","rows":6,"showBorder":true,"showImageBackground":false,"showShadow":true},"id":"66598f5b-aeea-4bf4-a9e1-881fcfa1b0e5","name":"EliteAction","processName":"","useDesktopWindow":false,"useForegroundWindow":true,"view":"EliteAction"}