{"actions":[{"color":"#000000","isEnabled":true,"mouseSequences":[],"name":"Throttle 100","scriptSequences":[],"sequences":[{"entry":{"key":"B","value":66},"keepdown":250,"modifiers":[{"key":"LControlKey","value":162}],"winmodifiers":[]}],"textColor":"#FFFFFF"},{"color":"#000000","isEnabled":true,"mouseSequences":[],"name":"Throttle 75","scriptSequences":[],"sequences":[{"entry":{"key":"B","value":66},"keepdown":250,"modifiers":[{"key":"RControlKey","value":163}],"winmodifiers":[]}],"textColor":"#FFFFFF"},{"color":"#000000","isEnabled":true,"mouseSequences":[],"name":"Throttle 50","scriptSequences":[],"sequences":[{"entry":{"key":"B","value":66},"keepdown":250,"modifiers":[{"key":"LMenu","value":164}],"winmodifiers":[]}],"textColor":"#FFFFFF"},{"color":"#000000","isEnabled":true,"mouseSequences":[],"name":"Throttle 25","scriptSequences":[],"sequences":[{"entry":{"key":"B","value":66},"keepdown":250,"modifiers":[{"key":"RMenu","value":165}],"winmodifiers":[]}],"textColor":"#FFFFFF"},{"color":"#000000","isEnabled":true,"mouseSequences":[],"name":"Throttle 0","scriptSequences":[],"sequences":[{"entry":{"key":"B","value":66},"keepdown":250,"modifiers":[{"key":"LShiftKey","value":160}],"winmodifiers":[]}],"textColor":"#FFFFFF"},{"color":"#000000","isEnabled":true,"mouseSequences":[],"name":"Throttle -25","scriptSequences":[],"sequences":[{"entry":{"key":"N","value":78},"keepdown":250,"modifiers":[{"key":"LControlKey","value":162}],"winmodifiers":[]}],"textColor":"#FFFFFF"},{"color":"#000000","isEnabled":true,"mouseSequences":[],"name":"Throttle -50","scriptSequences":[],"sequences":[{"entry":{"key":"N","value":78},"keepdown":250,"modifiers":[{"key":"RControlKey","value":163}],"winmodifiers":[]}],"textColor":"#FFFFFF"},{"color":"#000000","isEnabled":true,"mouseSequences":[],"name":"Throttle -75","scriptSequences":[],"sequences":[{"entry":{"key":"N","value":78},"keepdown":250,"modifiers":[{"key":"LMenu","value":164}],"winmodifiers":[]}],"textColor":"#FFFFFF"},{"color":"#000000","isEnabled":true,"mouseSequences":[],"name":"Throttle -100","scriptSequences":[],"sequences":[{"entry":{"key":"N","value":78},"keepdown":250,"modifiers":[{"key":"RMenu","value":165}],"winmodifiers":[]}],"textColor":"#FFFFFF"}],"fileName":"EliteThrottleManagement.json","id":"bc944b14-eb41-4b9c-9b9d-5962b1682312","name":"EliteThrottleManagement","processName":"","useDesktopWindow":true,"useForegroundWindow":false,"view":"Elite_Throttle_Management"}