{"actions":[{"color":"#000000","isEnabled":true,"mouseSequences":[],"name":"AttackConf","scriptSequences":[],"sequences":[{"entry":{"key":"Down","value":40},"keepdown":200,"modifiers":[],"winmodifiers":[]},{"entry":{"key":"Right","value":39},"keepdown":200,"modifiers":[],"winmodifiers":[]}],"textColor":"#FFFFFF"},{"color":"#000000","isEnabled":true,"mouseSequences":[],"name":"Speed","scriptSequences":[],"sequences":[{"entry":{"key":"Down","value":40},"keepdown":200,"modifiers":[],"winmodifiers":[]},{"entry":{"key":"Left","value":37},"keepdown":200,"modifiers":[],"winmodifiers":[]},{"entry":{"key":"Left","value":37},"keepdown":200,"modifiers":[],"winmodifiers":[]},{"entry":{"key":"Up","value":38},"keepdown":200,"modifiers":[],"winmodifiers":[]},{"entry":{"key":"Up","value":38},"keepdown":200,"modifiers":[],"winmodifiers":[]},{"entry":{"key":"Up","value":38},"keepdown":200,"modifiers":[],"winmodifiers":[]}],"textColor":"#FFFFFF"},{"color":"#000000","isEnabled":true,"mouseSequences":[],"name":"Defend","scriptSequences":[],"sequences":[{"entry":{"key":"Down","value":40},"keepdown":200,"modifiers":[],"winmodifiers":[]},{"entry":{"key":"Up","value":38},"keepdown":200,"modifiers":[],"winmodifiers":[]},{"entry":{"key":"Left","value":37},"keepdown":200,"modifiers":[],"winmodifiers":[]},{"entry":{"key":"Left","value":37},"keepdown":200,"modifiers":[],"winmodifiers":[]},{"entry":{"key":"Left","value":37},"keepdown":200,"modifiers":[],"winmodifiers":[]}],"textColor":"#FFFFFF"},{"color":"#000000","isEnabled":true,"mouseSequences":[],"name":"Silent","scriptSequences":[],"sequences":[{"entry":{"key":"Delete","value":46},"keepdown":200,"modifiers":[],"winmodifiers":[]}],"textColor":"#FFFFFF"},{"color":"#000000","isEnabled":true,"mouseSequences":[],"name":"Heat Sink","scriptSequences":[],"sequences":[{"entry":{"key":"H","value":72},"keepdown":200,"modifiers":[{"key":"LControlKey","value":162}],"winmodifiers":[]}],"textColor":"#FFFFFF"},{"color":"#000000","isEnabled":true,"mouseSequences":[],"name":"SinkSilent","scriptSequences":[],"sequences":[{"entry":{"key":"Delete","value":46},"keepdown":500,"modifiers":[],"winmodifiers":[]},{"entry":{"key":"H","value":72},"keepdown":200,"modifiers":[{"key":"LControlKey","value":162}],"winmodifiers":[]}],"textColor":"#FFFFFF"},{"color":"#000000","isEnabled":true,"mouseSequences":[],"name":"Landing","scriptSequences":[],"sequences":[{"entry":{"key":"Insert","value":45},"keepdown":200,"modifiers":[],"winmodifiers":[]}],"textColor":"#FFFFFF"},{"color":"#000000","isEnabled":true,"mouseSequences":[],"name":"Super","scriptSequences":[],"sequences":[{"entry":{"key":"K","value":75},"keepdown":200,"modifiers":[],"winmodifiers":[]}],"textColor":"#FFFFFF"},{"color":"#000000","isEnabled":true,"mouseSequences":[],"name":"Hyper","scriptSequences":[],"sequences":[{"entry":{"key":"K","value":75},"keepdown":200,"modifiers":[{"key":"LControlKey","value":162}],"winmodifiers":[]}],"textColor":"#FFFFFF"},{"color":"#000000","isEnabled":true,"mouseSequences":[],"name":"Dock","scriptSequences":[],"sequences":[{"entry":{"key":"D1","value":49},"keepdown":1500,"modifiers":[],"winmodifiers":[]},{"entry":{"key":"E","value":69},"keepdown":450,"modifiers":[],"winmodifiers":[]},{"entry":{"key":"E","value":69},"keepdown":450,"modifiers":[],"winmodifiers":[]},{"entry":{"key":"Space","value":32},"keepdown":450,"modifiers":[],"winmodifiers":[]},{"entry":{"key":"S","value":83},"keepdown":250,"modifiers":[],"winmodifiers":[]},{"entry":{"key":"Space","value":32},"keepdown":450,"modifiers":[],"winmodifiers":[]},{"entry":{"key":"Q","value":81},"keepdown":450,"modifiers":[],"winmodifiers":[]},{"entry":{"key":"Q","value":81},"keepdown":450,"modifiers":[],"winmodifiers":[]},{"entry":{"key":"Escape","value":27},"keepdown":300,"modifiers":[],"winmodifiers":[]}],"textColor":"#FFFFFF"},{"color":"#000000","isEnabled":false,"mouseSequences":[],"name":"","scriptSequences":[],"sequences":[],"textColor":"#FFFFFF"}],"fileName":"EliteAction.json","id":"66598f5b-aeea-4bf4-a9e1-881fcfa1b0e5","name":"EliteAction","processName":"","useDesktopWindow":false,"useForegroundWindow":true,"view":"EliteAction"}